hora, compra,venda ,moeda, fonte, ID
13:21:7,24023.99999000,24097.50000000, Bitcoin,MBT,1
13:21:18,24522.01,24630.0, Bitcoin,NC,2
13:21:29,24023.99999000,24097.50000000, Bitcoin,MBT,3
13:21:40,24522.01,24629.99, Bitcoin,NC,4
